Link to article	Type of article	Type of Event	Key persons/organizations mentioned	Key places mentioned in the document
http://eventdata.utdallas.edu/api/text_es?api_key=CD75737EF4CAC292EE17B85AAE4B6&doc_id=5c702b21230d8759e600719a	Irrelevant			
http://eventdata.utdallas.edu/api/text_es?api_key=CD75737EF4CAC292EE17B85AAE4B6&doc_id=5c7f06d0230d8759e62678fc	Irrelevant			
http://eventdata.utdallas.edu/api/text_es?api_key=CD75737EF4CAC292EE17B85AAE4B6&doc_id=5c735acc230d8759e608ce06	Irrelevant			
http://eventdata.utdallas.edu/api/text_es?api_key=CD75737EF4CAC292EE17B85AAE4B6&doc_id=5c70fddd230d8759e6029c6d	Political	Verbal Conflict/Verbal Cooperation	las Farc, la guerrilla, el gobierno	
http://eventdata.utdallas.edu/api/text_es?api_key=CD75737EF4CAC292EE17B85AAE4B6&doc_id=5c78fe20230d8759e6172d0d	Political	Verbal Cooperation/Material Cooperation	Andi-Fundación Mamonal, el gobierno de “Primero la Gente”, la ANDI, Fundación Mamonal, el secretario Germán Sierra Anaya, Vivian Eljaiek (gerente de ANDI Bolívar), Alejandra Espinosa (directora de Fundación Mamonal), la Secretaría de Educación, alcalde Manuel Vicente Duque, el secretario de Educación Distrital	Cartagena, la sede de la Secretaría de Educación
http://eventdata.utdallas.edu/api/text_es?api_key=CD75737EF4CAC292EE17B85AAE4B6&doc_id=5c75114e230d8759e60d4d38	Irrelevant			
http://eventdata.utdallas.edu/api/text_es?api_key=CD75737EF4CAC292EE17B85AAE4B6&doc_id=5c76bd2f230d8759e6118e20	Irrelevant			
http://eventdata.utdallas.edu/api/text_es?api_key=CD75737EF4CAC292EE17B85AAE4B6&doc_id=5c79b341230d8759e618f77a	Non-Political			
http://eventdata.utdallas.edu/api/text_es?api_key=CD75737EF4CAC292EE17B85AAE4B6&doc_id=5c75c63f230d8759e60f19b4	Irrelevant			
http://eventdata.utdallas.edu/api/text_es?api_key=CD75737EF4CAC292EE17B85AAE4B6&doc_id=5c7cf0a3230d8759e621474f	Political	Material Cooperation	ExxonMobil (La petrolera estadounidense), Total (la francesa/la empresa francesa), Total E&P Uruguay BV, el Gobierno, Ancap (la empresa estatal uruguaya de hidrocarburos), ExxonMobil Exploration, Production Uruguay BV, Fuentes de Ancap	la plataforma marítima continental de Uruguay, Uruguay, La plataforma marítima, Montevideo, la India
http://eventdata.utdallas.edu/api/text_es?api_key=CD75737EF4CAC292EE17B85AAE4B6&doc_id=5c77a7cc230d8759e613dbe3	Irrelevant			
http://eventdata.utdallas.edu/api/text_es?api_key=CD75737EF4CAC292EE17B85AAE4B6&doc_id=5c7ad513230d8759e61be155	Irrelevant			
http://eventdata.utdallas.edu/api/text_es?api_key=CD75737EF4CAC292EE17B85AAE4B6&doc_id=5c72481e230d8759e605f687	Irrelevant			
http://eventdata.utdallas.edu/api/text_es?api_key=CD75737EF4CAC292EE17B85AAE4B6&doc_id=5c79e294230d8759e6197250	Irrelevant			
http://eventdata.utdallas.edu/api/text_es?api_key=CD75737EF4CAC292EE17B85AAE4B6&doc_id=5c7d1d68230d8759e621b58d	Irrelevant			
http://eventdata.utdallas.edu/api/text_es?api_key=CD75737EF4CAC292EE17B85AAE4B6&doc_id=5c7703dd230d8759e6123dc8	Irrelevant			
http://eventdata.utdallas.edu/api/text_es?api_key=CD75737EF4CAC292EE17B85AAE4B6&doc_id=5c766b70230d8759e610bd60	Political	Verbal Cooperation	Alejandro Ramírez Magaña (El presidente del Consejo Mexicano de Negocios), el presidente Enrique Peña Nieto, sector privado, Fideicomiso "Fuerza México", Juan Pablo Castañón (Consejo Coordinador Empresarial)	México, la residencia oficial de Los Pinos
http://eventdata.utdallas.edu/api/text_es?api_key=CD75737EF4CAC292EE17B85AAE4B6&doc_id=5c7727a9230d8759e61297a2	Irrelevant			
http://eventdata.utdallas.edu/api/text_es?api_key=CD75737EF4CAC292EE17B85AAE4B6&doc_id=5c7cd2fc230d8759e620fec1	Irrelevant			
http://eventdata.utdallas.edu/api/text_es?api_key=CD75737EF4CAC292EE17B85AAE4B6&doc_id=5c7d7b37230d8759e6229f93	Political	Verbal Conflict	EFE, Alexis Tsipras (El primer ministro griego), el diario germano "Der Tagesspiegel", el sistema de pensiones griego, El Gobierno griego, Banco Central Europeo (BCE), Fondo Monetario Internacional (FMI), Comisión Europea (CE), PIB, Benjamin Disraeli	Grecia, Berlín, Alemania
http://eventdata.utdallas.edu/api/text_es?api_key=CD75737EF4CAC292EE17B85AAE4B6&doc_id=5c6eceed230d8759e6fce85b	Irrelevant			
http://eventdata.utdallas.edu/api/text_es?api_key=CD75737EF4CAC292EE17B85AAE4B6&doc_id=5c7a8671230d8759e61b155e	Irrelevant			
http://eventdata.utdallas.edu/api/text_es?api_key=CD75737EF4CAC292EE17B85AAE4B6&doc_id=5c7fe3e8230d8759e62898a3	Irrelevant			
http://eventdata.utdallas.edu/api/text_es?api_key=CD75737EF4CAC292EE17B85AAE4B6&doc_id=5c70193a230d8759e60044aa	Non-Political			
http://eventdata.utdallas.edu/api/text_es?api_key=CD75737EF4CAC292EE17B85AAE4B6&doc_id=5c6fafd1230d8759e6ff31a2	Irrelevant			
http://eventdata.utdallas.edu/api/text_es?api_key=CD75737EF4CAC292EE17B85AAE4B6&doc_id=5c7bf330230d8759e61ecca1	Irrelevant			
http://eventdata.utdallas.edu/api/text_es?api_key=CD75737EF4CAC292EE17B85AAE4B6&doc_id=5c7d5bed230d8759e622513e	Political	Verbal Conflict/Material Conflict	La ONU, El Consejo de Seguridad de la ONU, Elbio Rosselli (el embajador de Uruguay), Naciones Unidas	Corea del Norte, Pyongyang
http://eventdata.utdallas.edu/api/text_es?api_key=CD75737EF4CAC292EE17B85AAE4B6&doc_id=5c7a80d9230d8759e61b06c6	Political	Not Clear	Alicia Arango (exembajadora y exsecretaria de Álvaro Uribe), Caracol Radio, la bancada de parlamentarios del Centro Democrático en el Congreso de la República, Carlos Holmes Trujillo, María del Rosario Guerra, Nicolás Echavarría (Gerente de Campaña del partido), Óscar Iván Zuluaga (el candidato presidencial)	Centro Democrático, la sede de campaña de Óscar Iván Zuluaga
http://eventdata.utdallas.edu/api/text_es?api_key=CD75737EF4CAC292EE17B85AAE4B6&doc_id=5c7da6bf230d8759e6230c0e	Non-Political			
http://eventdata.utdallas.edu/api/text_es?api_key=CD75737EF4CAC292EE17B85AAE4B6&doc_id=5c80307e230d8759e6295836	Irrelevant			
http://eventdata.utdallas.edu/api/text_es?api_key=CD75737EF4CAC292EE17B85AAE4B6&doc_id=5c7e687e230d8759e624f14f	Irrelevant			
http://eventdata.utdallas.edu/api/text_es?api_key=CD75737EF4CAC292EE17B85AAE4B6&doc_id=5c70a32b230d8759e601af26	Non-Political			
http://eventdata.utdallas.edu/api/text_es?api_key=CD75737EF4CAC292EE17B85AAE4B6&doc_id=5c7ff914230d8759e628cd8a	Political	Verbal Conflict/Material Conflict	La OTAN, EFE, El cuartel general militar aliado de la OTAN (SHAPE), DigitalGlobe, Estado Mayor General de Rusia, Alianza, el Consejo del Atlántico Norte, el cuartel general militar aliado en Mons	la frontera ucraniana, Rusia, Mons (sur de Bélgica), Ucrania
http://eventdata.utdallas.edu/api/text_es?api_key=CD75737EF4CAC292EE17B85AAE4B6&doc_id=5c74ad04230d8759e60c4720	Political	Not Clear	Donald Trump ("El presidente estadounidense), las agencies federales 	la Casa Blanca, Estados Unidos
http://eventdata.utdallas.edu/api/text_es?api_key=CD75737EF4CAC292EE17B85AAE4B6&doc_id=5c7b4bd7230d8759e61d1477	Irrelevant			
http://eventdata.utdallas.edu/api/text_es?api_key=CD75737EF4CAC292EE17B85AAE4B6&doc_id=5c7fc507230d8759e6284a33	Political	Material Conflict	ONG (a organización no gubernamental), Observatorio Sirio de Derechos Humanos, sirios, presidente Bachar al Asad, grupo chií libanés Hizbulá, Gobierno de Damasco	Siria, la provincia sureña de Deraa, Londres
http://eventdata.utdallas.edu/api/text_es?api_key=CD75737EF4CAC292EE17B85AAE4B6&doc_id=5c75d815230d8759e60f4583	Political	Material Cooperation	los ministerios de Salud de Colombia y Brasil, el INS, Ministerio de Salud de Colombia, María Isabel Bermúdez (coordinadora de la Red Nacional de Bancos de Sangre, del Instituto Nacional de Salud (INS)), Carlos Vallejo (El director del Banco de Sangre del Hospital San Vicente Fundación), el médico especialista en hematología Carlos Vallejo (director del banco de Sangre del Hospital Universitario), la Organización Panamericana de la Salud (OPS), La red de bancos de sangre de Brasil, la oficina de Cooperación y Relaciones Internacionales del Ministerio de Salud de Colombia, Jaime Matute, Natalicia Silva, María Isabel Bermúdez, Martha Lucía Ospina (directora del INS)	COLOMBIA, el Hospital San Vicente Fundación de Medellín, Fortaleza, Brasil, el San Vicente de Paúl, Sao Paulo, Panamá, Bogotá
http://eventdata.utdallas.edu/api/text_es?api_key=CD75737EF4CAC292EE17B85AAE4B6&doc_id=5c7d0c4d230d8759e62189d3	Irrelevant			
http://eventdata.utdallas.edu/api/text_es?api_key=CD75737EF4CAC292EE17B85AAE4B6&doc_id=5c6e65d6230d8759e6fbcfbb	Non-Political			
http://eventdata.utdallas.edu/api/text_es?api_key=CD75737EF4CAC292EE17B85AAE4B6&doc_id=5c777cbb230d8759e61370a8	Irrelevant			
http://eventdata.utdallas.edu/api/text_es?api_key=CD75737EF4CAC292EE17B85AAE4B6&doc_id=5c732f90230d8759e60857fb	Political	Material Cooperation	El presidente Alvaro Uribe, el Ejército, la Policía Nacional, el general Jorge Daniel Castro (director de la Policia Nacional)	
http://eventdata.utdallas.edu/api/text_es?api_key=CD75737EF4CAC292EE17B85AAE4B6&doc_id=5c7d781a230d8759e622977b	Political	Verbal Conflict/Verbal Cooperation	Gobierno griego, EFE, las instituciones, los acreedores, Alexis Tsipras (el primer ministro griego), fuentes gubernamentales que además publicaron la carta, los jefes de las tres instituciones (Comisión Europea, Banco Central Europeo, Fondo Monetario Internacional), IVA, el Eurogrupo, Mecanismo de Estabilidad Europeo (MEDE)	Atenas
http://eventdata.utdallas.edu/api/text_es?api_key=CD75737EF4CAC292EE17B85AAE4B6&doc_id=5c710619230d8759e602b1d7	Non-Political			
http://eventdata.utdallas.edu/api/text_es?api_key=CD75737EF4CAC292EE17B85AAE4B6&doc_id=5c7e40ae230d8759e6248f43	Political	Verbal Conflict	La U, Uribe: Centro Democrático, El senador Juan Carlos Vélez, Jaime Buenahora (cónsul en Nueva York del Gobierno anterior), Santismo, Uribistas, Jaime Buenahora (copresidente de la colectividad)	
http://eventdata.utdallas.edu/api/text_es?api_key=CD75737EF4CAC292EE17B85AAE4B6&doc_id=5c7ba2e7230d8759e61df3a2	Irrelevant			
http://eventdata.utdallas.edu/api/text_es?api_key=CD75737EF4CAC292EE17B85AAE4B6&doc_id=5c7466e5230d8759e60b93ec	Irrelevant			
http://eventdata.utdallas.edu/api/text_es?api_key=CD75737EF4CAC292EE17B85AAE4B6&doc_id=5c7868c3230d8759e615b820	Irrelevant			
http://eventdata.utdallas.edu/api/text_es?api_key=CD75737EF4CAC292EE17B85AAE4B6&doc_id=5c71fbdc230d8759e60529eb	Non-Political			
http://eventdata.utdallas.edu/api/text_es?api_key=CD75737EF4CAC292EE17B85AAE4B6&doc_id=5c7b836f230d8759e61da436	Political	Material Conflict	Pandillas, John Lawrence Mahony (sacerdote y cónsul honorario de Gran Bretaña para el Caribe/director de la pastoral social, secretario de participación ciudadana y desarrollo social y un reconocido defensor de los derechos humanos en Cartagena), la pandilla ‘Los felipitos’, Adalquis Javier Mahony	Cartagena, La Candelaria, el Sena, el sector Simón Bolívar, en San Fernando
http://eventdata.utdallas.edu/api/text_es?api_key=CD75737EF4CAC292EE17B85AAE4B6&doc_id=5c7fa8bb230d8759e62804bb	Non-Political			
http://eventdata.utdallas.edu/api/text_es?api_key=CD75737EF4CAC292EE17B85AAE4B6&doc_id=5c7e6e05230d8759e624ff37	Irrelevant			
http://eventdata.utdallas.edu/api/text_es?api_key=CD75737EF4CAC292EE17B85AAE4B6&doc_id=5c7df0c2230d8759e623c6d8	Non-Political			
http://eventdata.utdallas.edu/api/text_es?api_key=CD75737EF4CAC292EE17B85AAE4B6&doc_id=5c7291bf230d8759e606b4ba	Non-Political			
http://eventdata.utdallas.edu/api/text_es?api_key=CD75737EF4CAC292EE17B85AAE4B6&doc_id=5c7d726c230d8759e6228a52	Political	Not Clear	Las bolsas latinoamericanas, Wall Street, la Reserva Federal estadounidense (Fed), l Dow Jones deIndustriales, S&P, Nasdaq, la Fed, Microsoft, Visa, Boeing, Verizon, Home Depot, JPMorgan, Nike, Pfizer, Twitter, Facebook, Mark Zuckerberg	Bogotá, Estados Unidos,  Grecia, China,  Nueva York, Europa, Londres, París, Fráncfort, Madrid, Milán, América Latina, Perú, Sao Paulo
http://eventdata.utdallas.edu/api/text_es?api_key=CD75737EF4CAC292EE17B85AAE4B6&doc_id=5c72b2e3230d8759e6070cf4	Irrelevant			
http://eventdata.utdallas.edu/api/text_es?api_key=CD75737EF4CAC292EE17B85AAE4B6&doc_id=5c7e8a9b230d8759e62545b9	Irrelevant			
http://eventdata.utdallas.edu/api/text_es?api_key=CD75737EF4CAC292EE17B85AAE4B6&doc_id=5c7243e3230d8759e605eb87	Political	Not Clear	Samuel Moreno/Samuel Moreno Rojas, El general Gustavo Adolfo Ricaurte (director del Inpec), el Inpec	Bogotá, las escuelas del Ejército o la Policía ubicadas al norte de la ciudad
http://eventdata.utdallas.edu/api/text_es?api_key=CD75737EF4CAC292EE17B85AAE4B6&doc_id=5c7f4ed4230d8759e6272bb9	Irrelevant			
http://eventdata.utdallas.edu/api/text_es?api_key=CD75737EF4CAC292EE17B85AAE4B6&doc_id=5c7631ed230d8759e6102b18	Political	Material Conflict/Material Cooperation	El comandante Carlos Tavares, Protección Civil	Góis, Portugal, el distrito de Coimbra, el término municipal de Pedrógão Grande, el distrito de Leiria
http://eventdata.utdallas.edu/api/text_es?api_key=CD75737EF4CAC292EE17B85AAE4B6&doc_id=5c74d895230d8759e60cbaa2	Political	Verbal Conflict/Material Conflict	Alberto Nisman, El fiscal federal argentino Eduardo Taiano, EFE/Efe, César Milani (exjefe del Ejército), Sergio Berni (secretario de Seguridad), Viviana Fein (la exfiscal del caso), Julián Ercolini, Manuel Romero, Ministerio de Seguridad argentino, Alejandra Gils Carbó (el Ministerio Público Fiscal y la procuradora general de la Nación (que dirige la Fiscalía)), el máximo tribunal penal, la presidenta Cristina Fernández, terroristas iraníes, el expresidente Néstor Kirchner, la jueza María Servini de Cubría, Gobierno de Kirchner	Buenos Aires, una "zona liberada" alrededor del edificio Le Parc, el acomodado barrio de Puerto Madero, el país asiático
http://eventdata.utdallas.edu/api/text_es?api_key=CD75737EF4CAC292EE17B85AAE4B6&doc_id=5c7d6ba5230d8759e6227899	Non-Political			
http://eventdata.utdallas.edu/api/text_es?api_key=CD75737EF4CAC292EE17B85AAE4B6&doc_id=5c742e95230d8759e60b018d	Irrelevant			
http://eventdata.utdallas.edu/api/text_es?api_key=CD75737EF4CAC292EE17B85AAE4B6&doc_id=5c7612c7230d8759e60fd914	Irrelevant			
http://eventdata.utdallas.edu/api/text_es?api_key=CD75737EF4CAC292EE17B85AAE4B6&doc_id=5c6db115230d8759e6f88337	Political	Not Clear	Caracol Radio, la jefe de salud pública de la Secretaría de Salud, la Unidad de Cuidados Intensivos, Luz Jenny Gutiérrez, el POS	Armenia, Saludcoop, Bogotá
http://eventdata.utdallas.edu/api/text_es?api_key=CD75737EF4CAC292EE17B85AAE4B6&doc_id=5c71f859230d8759e605204b	Irrelevant			
http://eventdata.utdallas.edu/api/text_es?api_key=CD75737EF4CAC292EE17B85AAE4B6&doc_id=5c78914a230d8759e6161d33	Non-Political			
http://eventdata.utdallas.edu/api/text_es?api_key=CD75737EF4CAC292EE17B85AAE4B6&doc_id=5c6f84d0230d8759e6fec3a8	Non-Political			
http://eventdata.utdallas.edu/api/text_es?api_key=CD75737EF4CAC292EE17B85AAE4B6&doc_id=5c7774f7230d8759e6135d51	Political	Material Conflict	las AUC, Las autoridades del departamento de Córdoba, desmovilizados de las autodefensas/ex paramilitares/los ex integrantes de los grupos paramilitares, Jairo Salazar Macea (secretario de gobierno de Montería), el gobierno, Jairo López Covo (El secretario de gobierno departamental de Córdoba), la Secretaría de Gobierno departamental	Córdoba, cambuches en la ciudad de Montería
http://eventdata.utdallas.edu/api/text_es?api_key=CD75737EF4CAC292EE17B85AAE4B6&doc_id=5c72c52a230d8759e6073d8c	Non-Political			
http://eventdata.utdallas.edu/api/text_es?api_key=CD75737EF4CAC292EE17B85AAE4B6&doc_id=5c727651230d8759e6066d11	Political	Verbal Conflict	la fiscal Viviane Morales, El presidente Juan Manuel Santos, Caracol Radio, el exministro de Justicia Fernando Carrillo (la Agencia de Defensa Jurídica del Estado/coordinador del equipo de empalme del gobierno Santos), gobierno Santos, el magistrado Humberto Sierra Porto, Sierra Porto, gobierno colombiano, la Corte Interamericana Humanos, Consejo de Estado, alto Gobierno, ministros del Interior y Justicia, Juan Carlos Esguerra (el ministro de Justicia), el Ejecutivo	
http://eventdata.utdallas.edu/api/text_es?api_key=CD75737EF4CAC292EE17B85AAE4B6&doc_id=5c77bae4230d8759e6140ad9	Irrelevant			
http://eventdata.utdallas.edu/api/text_es?api_key=CD75737EF4CAC292EE17B85AAE4B6&doc_id=5c7c3776230d8759e61f7cd6	Irrelevant			
http://eventdata.utdallas.edu/api/text_es?api_key=CD75737EF4CAC292EE17B85AAE4B6&doc_id=5c78e30e230d8759e616ec75	Irrelevant			
http://eventdata.utdallas.edu/api/text_es?api_key=CD75737EF4CAC292EE17B85AAE4B6&doc_id=5c75795b230d8759e60e551e	Irrelevant			
http://eventdata.utdallas.edu/api/text_es?api_key=CD75737EF4CAC292EE17B85AAE4B6&doc_id=5c720aef230d8759e60552cc	Political	Material Cooperation	Australia, El Gobierno de Australia, Tony Abbott (El primer ministro australiano), Estados Unidos, las milicias del Estado Islámico de Irak, el Levante, ABC, Barack Obama (el presidente estadounidense), Casa Blanca, los yihadistas, yazidíes kurdos y cristianos	Irak, Sídney, las montañas cercanas a la ciudad de Sinyar/el monte Sinyar (100 kilómetros al oeste de Mosul), el norte de Irak, Emiratos Árabes Unidos, Erbil (la capital del kurdistán)
http://eventdata.utdallas.edu/api/text_es?api_key=CD75737EF4CAC292EE17B85AAE4B6&doc_id=5c73989c230d8759e60974d3	Political	Verbal Cooperation	Javier Solana (El Alto Representante de la Unión Europea (UE) para la Política Exterior y de Seguridad Común), Álvaro Uribe (el presidente colombiano), miembros de su gabinete, empresarios, los embajadores europeos acreditados, la Comisión Europea en Colombia, el vicepresidente Francisco Santos, el consejero presidencial de Acción Social Luis Alfonso Hoyos, Frank Pearl (el alto consejero para la Reintegración Económica y Social), la Cumbre de Jefes de Estado, Gobierno Unión Europea-América Latina y el Caribe, Acuerdo de Asociación Unión Europea-Comunidad Andina, la delegación europea en Colombia	Colombia, Bogotá, Lima (Perú), América Latina
http://eventdata.utdallas.edu/api/text_es?api_key=CD75737EF4CAC292EE17B85AAE4B6&doc_id=5c7d1445230d8759e6219d82	Non-Political			
http://eventdata.utdallas.edu/api/text_es?api_key=CD75737EF4CAC292EE17B85AAE4B6&doc_id=5c79f40d230d8759e619a008	Irrelevant			
http://eventdata.utdallas.edu/api/text_es?api_key=CD75737EF4CAC292EE17B85AAE4B6&doc_id=5c7cd0ac230d8759e620f8d4	Irrelevant			
http://eventdata.utdallas.edu/api/text_es?api_key=CD75737EF4CAC292EE17B85AAE4B6&doc_id=5c70ece0230d8759e6027060	Political	Verbal Conflict/Material Conflict	Consejo de Estado, la ONU, las Farc/las Frac/el grupo insurgente Farc, gobierno nacional/Gobierno Nacional, omité de Derechos Humanos de las Naciones Unidas, Estado colombiano, organismos de seguridad, la Policía, alto Tribunal	el municipio de Puerres, en el departamento de Nariño
http://eventdata.utdallas.edu/api/text_es?api_key=CD75737EF4CAC292EE17B85AAE4B6&doc_id=5c7e6146230d8759e624df45	Irrelevant			
http://eventdata.utdallas.edu/api/text_es?api_key=CD75737EF4CAC292EE17B85AAE4B6&doc_id=5c72c533230d8759e6073d9e	Irrelevant			
http://eventdata.utdallas.edu/api/text_es?api_key=CD75737EF4CAC292EE17B85AAE4B6&doc_id=5c7493eb230d8759e60c06b9	Irrelevant			
http://eventdata.utdallas.edu/api/text_es?api_key=CD75737EF4CAC292EE17B85AAE4B6&doc_id=5c7c174a230d8759e61f2b62	Political	Material Conflict	la exsenadora Piedad Córdoba, Fiscalía, José Miguel Narváez (el exsubdirector del DAS/Exdirector del DAS)	Centro de Ortopedia
http://eventdata.utdallas.edu/api/text_es?api_key=CD75737EF4CAC292EE17B85AAE4B6&doc_id=5c7dff9d230d8759e623ec53	Irrelevant			
http://eventdata.utdallas.edu/api/text_es?api_key=CD75737EF4CAC292EE17B85AAE4B6&doc_id=5c7c244b230d8759e61f4c93	Irrelevant			
http://eventdata.utdallas.edu/api/text_es?api_key=CD75737EF4CAC292EE17B85AAE4B6&doc_id=5c738f76230d8759e6095cd7	Irrelevant			
http://eventdata.utdallas.edu/api/text_es?api_key=CD75737EF4CAC292EE17B85AAE4B6&doc_id=5c6ffc19230d8759e6fff826	Irrelevant			
http://eventdata.utdallas.edu/api/text_es?api_key=CD75737EF4CAC292EE17B85AAE4B6&doc_id=5c724620230d8759e605f159	Irrelevant			
http://eventdata.utdallas.edu/api/text_es?api_key=CD75737EF4CAC292EE17B85AAE4B6&doc_id=5c749e45230d8759e60c20af	Political	Verbal Conflict	Jorge Robledo, ex fiscal Luis Gustavo Moreno, la Corte, la Fiscalía	Estados Unidos, Colombia
http://eventdata.utdallas.edu/api/text_es?api_key=CD75737EF4CAC292EE17B85AAE4B6&doc_id=5c7e9e15230d8759e6257652	Irrelevant			
http://eventdata.utdallas.edu/api/text_es?api_key=CD75737EF4CAC292EE17B85AAE4B6&doc_id=5c7542f1230d8759e60dca9c	Non-Political			
http://eventdata.utdallas.edu/api/text_es?api_key=CD75737EF4CAC292EE17B85AAE4B6&doc_id=5c6ec667230d8759e6fcd1e6	Irrelevant			
http://eventdata.utdallas.edu/api/text_es?api_key=CD75737EF4CAC292EE17B85AAE4B6&doc_id=5c7342c1230d8759e6088a6d	Irrelevant			
http://eventdata.utdallas.edu/api/text_es?api_key=CD75737EF4CAC292EE17B85AAE4B6&doc_id=5c7f892b230d8759e627b8b7	Political	Material Conflict	El ruso Mijaíl Lesin (un exministro y exasesor del presidente Vladímir Putin/ministro de Información y Prensa de Rusia/asesor de Putin), presidente Vladímir Putin, la Policía Metropolitana de Washington, la Oficina del Forense, Russia Today (RT), Kremlin	un hotel de Washington/hotel Dupont Circle (EE.UU.), Washington, Rusia
http://eventdata.utdallas.edu/api/text_es?api_key=CD75737EF4CAC292EE17B85AAE4B6&doc_id=5c7ac36b230d8759e61bb462	Irrelevant			
http://eventdata.utdallas.edu/api/text_es?api_key=CD75737EF4CAC292EE17B85AAE4B6&doc_id=5c7e8fd1230d8759e625529b	Non-Political			
http://eventdata.utdallas.edu/api/text_es?api_key=CD75737EF4CAC292EE17B85AAE4B6&doc_id=5c74e80a230d8759e60ce34d	Irrelevant			
http://eventdata.utdallas.edu/api/text_es?api_key=CD75737EF4CAC292EE17B85AAE4B6&doc_id=5c7cc120230d8759e620d252	Political	Verbal Conflict	Supremo de EE.UU./Tribunal Supremo de EE.UU./la Corte Suprema/el Supremo/la Corte Suprema federal, El Departamento de Justicia de Puerto Rico, César Miranda (El secretario del Departamento de Justicia de Puerto Rico), Margarita Mercado Echegaray (la procuradora general), P.Rico/Puerto Rico/la incipiente Puerto Rico, Sánchez Valle, Tribunal Supremo de Puerto Rico, la Fiscalía federal, las autoridades federales, Estados Unidos, el Congreso estadounidense, los fiscales de Puerto Rico, el Gobierno federal, Departamento de Justicia, ELA (Estado Libre Asociado), las puertorriqueñas	los tribunales locales, Washington, Puerto Rico
http://eventdata.utdallas.edu/api/text_es?api_key=CD75737EF4CAC292EE17B85AAE4B6&doc_id=5c7b817e230d8759e61d9f37	Irrelevant			
http://eventdata.utdallas.edu/api/text_es?api_key=CD75737EF4CAC292EE17B85AAE4B6&doc_id=5c7e6347230d8759e624e466	Irrelevant			
http://eventdata.utdallas.edu/api/text_es?api_key=CD75737EF4CAC292EE17B85AAE4B6&doc_id=5c6e8795230d8759e6fc2874	Political	Material Conflict	las Farc, Tropas del Ejército, la IV Brigada del Ejército, la vereda Llanadas del municipio de Campamento	Antioquia/el norte de Antioquia, los municipios de Campamento y Yarumal, a vereda El Cedro del municipio de Yarumal
http://eventdata.utdallas.edu/api/text_es?api_key=CD75737EF4CAC292EE17B85AAE4B6&doc_id=5c7c583f230d8759e61fd0a4	Irrelevant			
http://eventdata.utdallas.edu/api/text_es?api_key=CD75737EF4CAC292EE17B85AAE4B6&doc_id=5c74e411230d8759e60cd8a6	Political	Material Cooperation	La Organización de las Naciones Unidas para la Alimentación y la Agricultura (la FAO),  Kundhavi Kadiresan (asistente del director general de la FAO)	Asia, el Pacífico, Bangkok, el Sur de Asia
http://eventdata.utdallas.edu/api/text_es?api_key=CD75737EF4CAC292EE17B85AAE4B6&doc_id=5c7592df230d8759e60e97d4	Political	Verbal Cooperation	la Unión Europea (UE), niños refugiados, La Comisión Europea (CE), El Ejecutivo comunitario, refugiados, los niños inmigrantes, refugiados o desplazados, la Comisión, víctimas de explotación sexual o no sexual, países terceros, organizaciones internacionales, Federica Mogherini (la jefa de la diplomacia europea), los comisarios de Cooperación Internacional y Desarrollo: Neven Nimica, Christos Stylianides (Ayuda Humanitaria y Gestión de Crisis), Vera Jourová (Justicia, Consumidores e Igualdad de Género)	
http://eventdata.utdallas.edu/api/text_es?api_key=CD75737EF4CAC292EE17B85AAE4B6&doc_id=5c6e7dd5230d8759e6fc0ebf	Irrelevant			
http://eventdata.utdallas.edu/api/text_es?api_key=CD75737EF4CAC292EE17B85AAE4B6&doc_id=5c797fad230d8759e618730b	Political	Verbal Conflict	Venezolanos, El partido opositor venezolano Primero Justicia (PJ), la Fiscalía, la Policía, entidades financieras de Venezuela, Julio Montoya (el diputado de PJ), el parlamentario Alfonso Marquina, parlamentarios españoles, las autoridades andorranas, banqueros en Venezuela, la oficina de la Unidad Nacional de Inteligencia Financiera, El parlamento de Venezuela, Gobierno de Hugo Chávez, Luisa Ortega (la fiscal general de Venezuela), la Cancillería, La Banca Privada de Andorra (BPA), Diego Salazar (primo del expresidente de la estatal Petróleos de Venezuela (PDVSA) Rafael Ramírez)	Andorra, Caracas, la Banca Privada de Andorra, Madrid, Parlamento en Panamá, Panamá
http://eventdata.utdallas.edu/api/text_es?api_key=CD75737EF4CAC292EE17B85AAE4B6&doc_id=5c70c898230d8759e602113f	Non-Political			
http://eventdata.utdallas.edu/api/text_es?api_key=CD75737EF4CAC292EE17B85AAE4B6&doc_id=5c76e96b230d8759e611f9ee	Political	Not Clear	Jonathan Vega, Natalia Ponce, la justicia, la defensa de Ponce, el juez del proceso	la cárcel La Picota
http://eventdata.utdallas.edu/api/text_es?api_key=CD75737EF4CAC292EE17B85AAE4B6&doc_id=5c7ed861230d8759e6260536	Irrelevant			
http://eventdata.utdallas.edu/api/text_es?api_key=CD75737EF4CAC292EE17B85AAE4B6&doc_id=5c7ba6ff230d8759e61dfdf4	Irrelevant			
http://eventdata.utdallas.edu/api/text_es?api_key=CD75737EF4CAC292EE17B85AAE4B6&doc_id=5c7275a1230d8759e6066b3b	Irrelevant			
http://eventdata.utdallas.edu/api/text_es?api_key=CD75737EF4CAC292EE17B85AAE4B6&doc_id=5c781cbe230d8759e614fa71	Non-Political			
http://eventdata.utdallas.edu/api/text_es?api_key=CD75737EF4CAC292EE17B85AAE4B6&doc_id=5c6f44ab230d8759e6fe1b58	Irrelevant			
http://eventdata.utdallas.edu/api/text_es?api_key=CD75737EF4CAC292EE17B85AAE4B6&doc_id=5c745038230d8759e60b59db	Political	Verbal Conflict	Corte IDH/la Corte Interamericana de Derechos Humanos, Humberto Sierra Porto (presidente de la Corte Interamericana de Derechos Humanos), el Estado/el Gobierno, las Farc, el presidente Juan Manuel Santos, el expresidente César Gaviria, el contralor Edgardo Maya, el vicefiscal Jorge Perdomo, el procurador Alejandro Ordóñez, el defensor Jorge Otálora, el alto comisionado para la paz Sergio Jaramillo	Cartagena, Colombia
http://eventdata.utdallas.edu/api/text_es?api_key=CD75737EF4CAC292EE17B85AAE4B6&doc_id=5c6e923e230d8759e6fc4504	Irrelevant			
http://eventdata.utdallas.edu/api/text_es?api_key=CD75737EF4CAC292EE17B85AAE4B6&doc_id=5c798370230d8759e6187c83	Irrelevant			
http://eventdata.utdallas.edu/api/text_es?api_key=CD75737EF4CAC292EE17B85AAE4B6&doc_id=5c7fbe0c230d8759e628388e	Irrelevant			
http://eventdata.utdallas.edu/api/text_es?api_key=CD75737EF4CAC292EE17B85AAE4B6&doc_id=5c7909d5230d8759e61749c7	Political	Verbal Cooperation	La petrolera estatal Petrobras, el diario financiero "Valor", Francisco Gross, la Organización de Países Exportadores de Petróleo (OPEP), la argentina Petrolera Santa Fe	Venezuela, RIO DE JANEIRO, Brasil,  Suramérica, Latinoamérica, Argentina, Bolivia, Colombia, el Golfo de México
http://eventdata.utdallas.edu/api/text_es?api_key=CD75737EF4CAC292EE17B85AAE4B6&doc_id=5c7f1b0c230d8759e626ac6d	Irrelevant			
http://eventdata.utdallas.edu/api/text_es?api_key=CD75737EF4CAC292EE17B85AAE4B6&doc_id=5c7b0346230d8759e61c5aaa	Irrelevant			
http://eventdata.utdallas.edu/api/text_es?api_key=CD75737EF4CAC292EE17B85AAE4B6&doc_id=5c714c26230d8759e6036967	Irrelevant			
http://eventdata.utdallas.edu/api/text_es?api_key=CD75737EF4CAC292EE17B85AAE4B6&doc_id=5c7b822d230d8759e61da100	Political	Verbal Cooperation	Sistema Nacional Integrado de Transporte, Andrés Uriel Gallego (El Ministro de Transporte), el Gobierno Nacional, Presidente Álvaro Uribe, los Ministerios de Planeación y Hacienda, Samuel Moreno (el Alcalde de Bogotá), la Comisión Sexta del Senado	Bogotá
http://eventdata.utdallas.edu/api/text_es?api_key=CD75737EF4CAC292EE17B85AAE4B6&doc_id=5c7b78f3230d8759e61d897d	Irrelevant			
http://eventdata.utdallas.edu/api/text_es?api_key=CD75737EF4CAC292EE17B85AAE4B6&doc_id=5c79986e230d8759e618b2a1	Political	Material Conflict	Dotcom, Kim Dotcom (empresario informático alemán), Un tribunal de Nueva Zelanda, "Megaupload", la Policía, los servicios de inteligencia, el FBI, los servicios secretos, la oficina del Primer Ministro, Radio New Zeland, David Fisher	Nueva Zelanda, Auckland, Estados Unidos, Europa
http://eventdata.utdallas.edu/api/text_es?api_key=CD75737EF4CAC292EE17B85AAE4B6&doc_id=5c7d80b4230d8759e622adaf	Irrelevant			
http://eventdata.utdallas.edu/api/text_es?api_key=CD75737EF4CAC292EE17B85AAE4B6&doc_id=5c766533230d8759e610ad16	Irrelevant			
http://eventdata.utdallas.edu/api/text_es?api_key=CD75737EF4CAC292EE17B85AAE4B6&doc_id=5c7544c2230d8759e60dcf4b	Irrelevant			
http://eventdata.utdallas.edu/api/text_es?api_key=CD75737EF4CAC292EE17B85AAE4B6&doc_id=5c70bcf4230d8759e601f2f8	Irrelevant			
http://eventdata.utdallas.edu/api/text_es?api_key=CD75737EF4CAC292EE17B85AAE4B6&doc_id=5c73c845230d8759e609f095	Irrelevant			
http://eventdata.utdallas.edu/api/text_es?api_key=CD75737EF4CAC292EE17B85AAE4B6&doc_id=5c7c2ac3230d8759e61f5c65	Non-Political			
http://eventdata.utdallas.edu/api/text_es?api_key=CD75737EF4CAC292EE17B85AAE4B6&doc_id=5c778c86230d8759e61397cd	Irrelevant			
http://eventdata.utdallas.edu/api/text_es?api_key=CD75737EF4CAC292EE17B85AAE4B6&doc_id=5c753d33230d8759e60dbbc6	Irrelevant			
http://eventdata.utdallas.edu/api/text_es?api_key=CD75737EF4CAC292EE17B85AAE4B6&doc_id=5c73873f230d8759e6094770	Irrelevant			
http://eventdata.utdallas.edu/api/text_es?api_key=CD75737EF4CAC292EE17B85AAE4B6&doc_id=5c714865230d8759e6035f3f	Political	Verbal Cooperation	El ministro de Defensa, las Farc, El Gobierno nacional, los secuestrados en poder de las Farc, Juan Manuel Santos (el ministro de Defensa), El Funcionario, Caracol Radio, Emmanuel, Clara Rojas, Consuelo González	
http://eventdata.utdallas.edu/api/text_es?api_key=CD75737EF4CAC292EE17B85AAE4B6&doc_id=5c6fe00a230d8759e6ffaee1	Political	Material Conflict/Material Cooperation	El Gobierno haitiano, Michel Chancy (el coordinador nacional alimentario/secretario de Estado de Agricultura), el primer ministro Jean Max Bellerive, la Misión de la ONU para la Estabilización en Haití (MINUSTAH), Ejecutivo, las principales agencias humanitarias de la ONU, algunos países donantes, la Protección Civil dominicana, Estados Unidos, Canadá, Efe, los principales ministerios, las agencias de la ONU	Haití, aeropuerto de Puerto Príncipe, la región de Puerto Príncipe, una oficina del Poder Judicial\
http://eventdata.utdallas.edu/api/text_es?api_key=CD75737EF4CAC292EE17B85AAE4B6&doc_id=5c733fb0230d8759e6088241	Political	Material Conflict	Suníes, La policía iraquí, Ministerio del Interior, Al Arabiya, periodistas, egipcios, saudíes, el Gobierno iraquí/El Gobierno de Irak, los chiíes, Mahmud Ahmadineyad (El presidente iraní), sionistas, las naciones musulmanas, el kurdo Yalal Talabani, los ulemas (doctores) de todas las confesiones, El principal partido político suní, kurdos, el Ejecutivo actual, Rashid al Azawi (portavoz del Frente del Acuerdo Iraquí)	Bagdad, Basora (sur de Irak), la ciudad de Samarra (al norte de la capital iraquí), templo de Alí Al-Hadi, el área de Abu Deshier,  a ciudad de Al Nahrauan, la Mezquita Dorada, Kirkuk, Irak, EE UU, Israel, las mezquitas suníes, Baquba
http://eventdata.utdallas.edu/api/text_es?api_key=CD75737EF4CAC292EE17B85AAE4B6&doc_id=5c71d207230d8759e604ba18	Irrelevant			
http://eventdata.utdallas.edu/api/text_es?api_key=CD75737EF4CAC292EE17B85AAE4B6&doc_id=5c764033230d8759e61050a0	Irrelevant			
http://eventdata.utdallas.edu/api/text_es?api_key=CD75737EF4CAC292EE17B85AAE4B6&doc_id=5c7f77a8230d8759e6278f50	Non-Political			
http://eventdata.utdallas.edu/api/text_es?api_key=CD75737EF4CAC292EE17B85AAE4B6&doc_id=5c7d574c230d8759e6224635	Non-Political			
http://eventdata.utdallas.edu/api/text_es?api_key=CD75737EF4CAC292EE17B85AAE4B6&doc_id=5c7c8326230d8759e6203ac6	Irrelevant			
http://eventdata.utdallas.edu/api/text_es?api_key=CD75737EF4CAC292EE17B85AAE4B6&doc_id=5c760cab230d8759e60fc9be	Irrelevant			
http://eventdata.utdallas.edu/api/text_es?api_key=CD75737EF4CAC292EE17B85AAE4B6&doc_id=5c6eb5d5230d8759e6fca584	Irrelevant			
http://eventdata.utdallas.edu/api/text_es?api_key=CD75737EF4CAC292EE17B85AAE4B6&doc_id=5c7fbdd2230d8759e628380f	Irrelevant			
http://eventdata.utdallas.edu/api/text_es?api_key=CD75737EF4CAC292EE17B85AAE4B6&doc_id=5c70fa6c230d8759e6029397	Irrelevant			
http://eventdata.utdallas.edu/api/text_es?api_key=CD75737EF4CAC292EE17B85AAE4B6&doc_id=5c7ebeae230d8759e625c481	Irrelevant			
http://eventdata.utdallas.edu/api/text_es?api_key=CD75737EF4CAC292EE17B85AAE4B6&doc_id=5c7c585a230d8759e61fd0f0	Non-Political			
http://eventdata.utdallas.edu/api/text_es?api_key=CD75737EF4CAC292EE17B85AAE4B6&doc_id=5c7fc8ba230d8759e62853c1	Irrelevant			
http://eventdata.utdallas.edu/api/text_es?api_key=CD75737EF4CAC292EE17B85AAE4B6&doc_id=5c78122d230d8759e614e082	Irrelevant			
http://eventdata.utdallas.edu/api/text_es?api_key=CD75737EF4CAC292EE17B85AAE4B6&doc_id=5c7c147a230d8759e61f241b	Political	Verbal Cooperation/Material Cooperation	Mincomercio, TLC, Sergio Díaz-Granados (El ministro de Comercio, Industria y Turismo), el Tratado de Libre Comercio, el Ministerio de comercio, el Gobierno, las ventas externas de sectores con valor agregado, el titular de la cartera de Comercio	Canadá
http://eventdata.utdallas.edu/api/text_es?api_key=CD75737EF4CAC292EE17B85AAE4B6&doc_id=5c726569230d8759e606420d	Irrelevant			
http://eventdata.utdallas.edu/api/text_es?api_key=CD75737EF4CAC292EE17B85AAE4B6&doc_id=5c744eab230d8759e60b55d8	Political	Material Conflict/Material Cooperation	Las últimas cifras oficiales, nepalíes, Centro Nacional de Operación de Emergencia, Efe, los medios locales, El Servicio Geológico de Estados Unidos (USGS), Miembros del Ejército indio, Suresh Acharya (El secretario adjunto de Turismo), Estados Unidos, China, la Unión Europea, Rusia, Pakistán, la India	Nepal, Katmandú (la capital nepalí), valle central de Nepal, la India, China, Bangladesh, aeropuerto de Katmandú, el Everest, Himalaya
http://eventdata.utdallas.edu/api/text_es?api_key=CD75737EF4CAC292EE17B85AAE4B6&doc_id=5c748108230d8759e60bd71e	Political	Verbal Conflict	Marine Le Pen (La candidata ultraderechista a la Presidencia de Francia), Emmanuel Macron (el socioliberal), franceses	Francia
http://eventdata.utdallas.edu/api/text_es?api_key=CD75737EF4CAC292EE17B85AAE4B6&doc_id=5c7f0861230d8759e6267ce1	Non-Political			
http://eventdata.utdallas.edu/api/text_es?api_key=CD75737EF4CAC292EE17B85AAE4B6&doc_id=5c74afd7230d8759e60c4e9b	Non-Political			
http://eventdata.utdallas.edu/api/text_es?api_key=CD75737EF4CAC292EE17B85AAE4B6&doc_id=5c77df1f230d8759e6146328	Irrelevant			
http://eventdata.utdallas.edu/api/text_es?api_key=CD75737EF4CAC292EE17B85AAE4B6&doc_id=5c6e8226230d8759e6fc1a3a	Irrelevant			
http://eventdata.utdallas.edu/api/text_es?api_key=CD75737EF4CAC292EE17B85AAE4B6&doc_id=5c733e7e230d8759e6087f30	Irrelevant			
http://eventdata.utdallas.edu/api/text_es?api_key=CD75737EF4CAC292EE17B85AAE4B6&doc_id=5c72522f230d8759e60610d8	Irrelevant			
http://eventdata.utdallas.edu/api/text_es?api_key=CD75737EF4CAC292EE17B85AAE4B6&doc_id=5c76b40a230d8759e6117735	Irrelevant			
http://eventdata.utdallas.edu/api/text_es?api_key=CD75737EF4CAC292EE17B85AAE4B6&doc_id=5c739991230d8759e609775b	Irrelevant			
http://eventdata.utdallas.edu/api/text_es?api_key=CD75737EF4CAC292EE17B85AAE4B6&doc_id=5c77f2ba230d8759e614930b	Political	Verbal Cooperation	Medellín Sergio Fajardo, plebiscito, los colombianos	el auditorio principal de la UTP
http://eventdata.utdallas.edu/api/text_es?api_key=CD75737EF4CAC292EE17B85AAE4B6&doc_id=5c7f6e64230d8759e62778a4	Irrelevant			
http://eventdata.utdallas.edu/api/text_es?api_key=CD75737EF4CAC292EE17B85AAE4B6&doc_id=5c7bb71a230d8759e61e26ac	Political	Verbal Cooperation	La Agencia Europea para la Gestión de las Fronteras Exteriores (Frontex), inmigrantes, la plataforma de asociaciones internacionales "Frontexit", Anna Sibley, Caroline Intrand, la Declaración Universal de Derechos del Hombre, la Convención de Ginebra sobre el Estatuto de los Refugiados, el Defensor del Pueblo europeo, los países terceros	Bruselas, las fronteras europeas
http://eventdata.utdallas.edu/api/text_es?api_key=CD75737EF4CAC292EE17B85AAE4B6&doc_id=5c715ab0230d8759e6038fe0	Irrelevant			
http://eventdata.utdallas.edu/api/text_es?api_key=CD75737EF4CAC292EE17B85AAE4B6&doc_id=5c6e5319230d8759e6fb9e5b	Non-Political			
http://eventdata.utdallas.edu/api/text_es?api_key=CD75737EF4CAC292EE17B85AAE4B6&doc_id=5c70dc27230d8759e602454a	Irrelevant			
http://eventdata.utdallas.edu/api/text_es?api_key=CD75737EF4CAC292EE17B85AAE4B6&doc_id=5c709c2b230d8759e6019d1b	Irrelevant			
http://eventdata.utdallas.edu/api/text_es?api_key=CD75737EF4CAC292EE17B85AAE4B6&doc_id=5c7fda51230d8759e6288074	Irrelevant			
http://eventdata.utdallas.edu/api/text_es?api_key=CD75737EF4CAC292EE17B85AAE4B6&doc_id=5c8009db230d8759e628f73f	Irrelevant			
http://eventdata.utdallas.edu/api/text_es?api_key=CD75737EF4CAC292EE17B85AAE4B6&doc_id=5c72beb7230d8759e6072c76	Political	Verbal Conflict/Material Conflict	Caracol Radio, Carlos Portilla (el presidente de la Cámara de Comercio de Ipiales), los braseros o cargueros, la Cámara Binacional del Comercio, los gobiernos de Colombia y Ecuador	la zona fronteriza, Colombia, Ecuador
http://eventdata.utdallas.edu/api/text_es?api_key=CD75737EF4CAC292EE17B85AAE4B6&doc_id=5c75a346230d8759e60ec1aa	Non-Political			
http://eventdata.utdallas.edu/api/text_es?api_key=CD75737EF4CAC292EE17B85AAE4B6&doc_id=5c778ba3230d8759e6139598	Non-Political			
http://eventdata.utdallas.edu/api/text_es?api_key=CD75737EF4CAC292EE17B85AAE4B6&doc_id=5c759a65230d8759e60eabb4	Irrelevant			
http://eventdata.utdallas.edu/api/text_es?api_key=CD75737EF4CAC292EE17B85AAE4B6&doc_id=5c6fd125230d8759e6ff8838	Non-Political			
http://eventdata.utdallas.edu/api/text_es?api_key=CD75737EF4CAC292EE17B85AAE4B6&doc_id=5c7c6469230d8759e61fee55	Non-Political			
http://eventdata.utdallas.edu/api/text_es?api_key=CD75737EF4CAC292EE17B85AAE4B6&doc_id=5c7b19e8230d8759e61c93c0	Non-Political			
http://eventdata.utdallas.edu/api/text_es?api_key=CD75737EF4CAC292EE17B85AAE4B6&doc_id=5c792c5b230d8759e617a148	Irrelevant			
http://eventdata.utdallas.edu/api/text_es?api_key=CD75737EF4CAC292EE17B85AAE4B6&doc_id=5c76de31230d8759e611de48	Irrelevant			
http://eventdata.utdallas.edu/api/text_es?api_key=CD75737EF4CAC292EE17B85AAE4B6&doc_id=5c7e08df230d8759e62403c8	Political	Verbal Cooperation	Fundación Alas, Juan Antonio Pungiluppi (el director ejecutivo de la entidad), Shakira, Centros de Orientación Infantil y Familiar (COIF), el MIDES, Gobierno de Panamá, el Ministerio de Desarrollo Social	Panamá
http://eventdata.utdallas.edu/api/text_es?api_key=CD75737EF4CAC292EE17B85AAE4B6&doc_id=5c72b719230d8759e6071859	Non-Political			
http://eventdata.utdallas.edu/api/text_es?api_key=CD75737EF4CAC292EE17B85AAE4B6&doc_id=5c757b9c230d8759e60e5add	Irrelevant			
http://eventdata.utdallas.edu/api/text_es?api_key=CD75737EF4CAC292EE17B85AAE4B6&doc_id=5c7f507c230d8759e6272ff1	Irrelevant			
http://eventdata.utdallas.edu/api/text_es?api_key=CD75737EF4CAC292EE17B85AAE4B6&doc_id=5c7cecac230d8759e6213dda	Irrelevant			
http://eventdata.utdallas.edu/api/text_es?api_key=CD75737EF4CAC292EE17B85AAE4B6&doc_id=5c7bfc0f230d8759e61ee546	Non-Political			
http://eventdata.utdallas.edu/api/text_es?api_key=CD75737EF4CAC292EE17B85AAE4B6&doc_id=5c7575a7230d8759e60e4b7b	Political	Material Cooperation	Jaled Muyahed (Ministerio de Sanidad egipcio), la televisión estatal egipcia, La minoría cristiana copta, Efe, fuentes de seguridad y de Protección Civil, papa Francisco	El Cairo, una iglesia en la ciudad egipcia de Tanta, Egipto, la iglesia de "Mar Guergues", Oriente Medio, el barrio de Al Abasiya
http://eventdata.utdallas.edu/api/text_es?api_key=CD75737EF4CAC292EE17B85AAE4B6&doc_id=5c747233230d8759e60bb0a3	Irrelevant			
http://eventdata.utdallas.edu/api/text_es?api_key=CD75737EF4CAC292EE17B85AAE4B6&doc_id=5c7ce974230d8759e6213618	Non-Political			
http://eventdata.utdallas.edu/api/text_es?api_key=CD75737EF4CAC292EE17B85AAE4B6&doc_id=5c7d4ee5230d8759e62231d4	Non-Political			
http://eventdata.utdallas.edu/api/text_es?api_key=CD75737EF4CAC292EE17B85AAE4B6&doc_id=5c795ea9230d8759e6181edc	Irrelevant			
http://eventdata.utdallas.edu/api/text_es?api_key=CD75737EF4CAC292EE17B85AAE4B6&doc_id=5c74e38e230d8759e60cd74f	Irrelevant			
http://eventdata.utdallas.edu/api/text_es?api_key=CD75737EF4CAC292EE17B85AAE4B6&doc_id=5c75d018230d8759e60f30d0	Irrelevant			
http://eventdata.utdallas.edu/api/text_es?api_key=CD75737EF4CAC292EE17B85AAE4B6&doc_id=5c792d06230d8759e617a2d7	Irrelevant			
http://eventdata.utdallas.edu/api/text_es?api_key=CD75737EF4CAC292EE17B85AAE4B6&doc_id=5c6ea736230d8759e6fc7d04	Irrelevant			
http://eventdata.utdallas.edu/api/text_es?api_key=CD75737EF4CAC292EE17B85AAE4B6&doc_id=5c7b64d7230d8759e61d55c1	Irrelevant			
http://eventdata.utdallas.edu/api/text_es?api_key=CD75737EF4CAC292EE17B85AAE4B6&doc_id=5c6ecf69230d8759e6fce998	Irrelevant			
http://eventdata.utdallas.edu/api/text_es?api_key=CD75737EF4CAC292EE17B85AAE4B6&doc_id=5c710f64230d8759e602c9f1	Irrelevant			
http://eventdata.utdallas.edu/api/text_es?api_key=CD75737EF4CAC292EE17B85AAE4B6&doc_id=5c792c19230d8759e617a0a3	Irrelevant			
http://eventdata.utdallas.edu/api/text_es?api_key=CD75737EF4CAC292EE17B85AAE4B6&doc_id=5c74916a230d8759e60c005a	Political	Material Conflict	Los grupos al margen de la ley, la guerrilla del Ejército de Liberación Nacional (ELN), la Empresa Oxígenos del Llano, disidentes de las Farc	la estación de policía de Fortul, Arauca, municipio de Fortul, esta localidad araucana, la frontera con Venezuela, el municipio de Arauquita, el centro poblado de La Esmeralda
http://eventdata.utdallas.edu/api/text_es?api_key=CD75737EF4CAC292EE17B85AAE4B6&doc_id=5c6fc4b1230d8759e6ff6816	Political	Material Conflict/Verbal Conflict	La Federación Colombiana de Periodista (Fecolper), periodistas/los periodistas regionales, Mario Esteban López, la Policía, Héctor Rodríguez, La Veterana FM, Adriana Hurtado (presidenta de la Federación Colombiana de Periodistas)	Colombia, Ipiales, Popayán, Cauca